Date,Day_of_Week,Lecture_Number,Start_Time,End_Time,Subject,Faculty_ID,Semester,Branch,Section,Classroom,Total_Enrolled,Students_Present,Attendance_Percentage,Previous_Lecture_Attendance,Gap_Since_Previous_Lecture,Practical_Theory,Internal_Test_Week,Assignment_Due,Holiday_Before_After,Weather,Special_Event,Week_Number,Day_of_Semester,Time_of_Day,Week_Before_Exam,Is_Holiday_Adjacent,Days_Since_Last_Holiday,Consecutive_Lecture_Count,Rolling_Avg_3,Month,Monthly_Avg_Attendance,Attendance_Class
2026-06-22,Monday,1,8.30 AM,9.15 AM,Mobile Application Development,SSP,3,MCA,A&B,Computer Lab,204,32,15.68627450980392,30,2 Days,Theory,No,No,No,Cloudy,No,26,0,Morning,1,0,0,1,19.716775599128542,6,19.716775599128542,Medium
2026-06-22,Monday,2,9.15 AM,10.15 AM,Mobile Application Development,SSP,3,MCA,A&B,Computer Lab,204,28,13.725490196078432,16,Same Day,Theory,No,Yes,Before,Cloudy,No,26,0,Morning,1,0,0,2,15.68627450980392,6,15.68627450980392,Low
2026-06-22,Monday,3,10.15 AM,11.15 AM,Innovation and Entrepreneurship Development,JSP,3,MCA,A&B,Computer Lab,204,39,19.11764705882353,36,2 Days,Theory,No,No,No,Cloudy,No,26,0,Morning,1,0,0,3,19.716775599128542,6,19.716775599128542,Medium
2026-06-22,Monday,4,11.15 AM,12.15 PM,Innovation and Entrepreneurship Development,JSP,3,MCA,A&B,Computer Lab,204,25,12.254901960784313,19,3 Days,Theory,No,Yes,After,Sunny,No,26,0,Morning,1,0,0,4,19.11764705882353,6,19.11764705882353,Low
2026-06-22,Monday,5,1.30 PM,3.30 PM,STQA Practical,DPY_AAB,3,MCA,A&B,Computer Lab,204,30,14.705882352941178,20,1 Day,Practical,No,Yes,No,Sunny,No,26,0,Afternoon,1,0,0,5,19.716775599128542,6,19.716775599128542,Medium
2026-06-23,Tuesday,1,8.30 AM,9.15 AM,Mobile Application Development,SSP,3,MCA,A&B,Computer Lab,204,31,15.196078431372548,14,1 Day,Theory,Yes,Yes,No,Sunny,No,26,1,Morning,1,0,1,1,14.705882352941176,6,14.705882352941176,Medium
2026-06-23,Tuesday,2,9.15 AM,10.15 AM,Mobile Application Development,SSP,3,MCA,A&B,Computer Lab,204,21,10.294117647058822,15,2 Days,Theory,No,Yes,No,Sunny,Yes,26,1,Morning,1,0,1,2,14.869281045751634,6,14.869281045751634,Low
2026-06-23,Tuesday,3,10.15 AM,11.15 AM,Principles of Cloud Management and Security,KSD_SDM,3,MCA,A&B,Computer Lab,204,25,12.254901960784313,27,2 Days,Theory,No,No,No,Cloudy,No,26,1,Morning,1,0,1,3,19.716775599128542,6,19.716775599128542,Low
2026-06-23,Tuesday,4,11.15 AM,12.15 PM,Data Science & Machine Learning,SP_MLK,3,MCA,A&B,Computer Lab,204,33,16.176470588235293,28,7 Days,Theory,No,No,No,Sunny,No,26,1,Morning,1,0,1,4,19.716775599128542,6,19.716775599128542,Medium
2026-06-23,Tuesday,5,1.30 PM,3.30 PM,DS & ML Practical,MLK_SP,3,MCA,A&B,Computer Lab,204,32,15.68627450980392,39,2 Days,Practical,Yes,No,No,Cloudy,No,26,1,Afternoon,1,0,1,5,19.716775599128542,6,19.716775599128542,Medium
2026-06-24,Wednesday,1,8.30 AM,9.15 AM,Mobile Application Development,SSP,3,MCA,A&B,Computer Lab,204,28,13.725490196078432,10,7 Days,Theory,No,No,Before,Sunny,No,26,2,Morning,1,0,2,1,13.071895424836603,6,13.72549019607843,Low
2026-06-24,Wednesday,2,9.15 AM,10.15 AM,Mobile Application Development,SSP,3,MCA,A&B,Computer Lab,204,39,19.11764705882353,14,Same Day,Theory,Yes,No,No,Sunny,No,26,2,Morning,1,0,2,2,13.071895424836603,6,13.72549019607843,Medium
2026-06-24,Wednesday,3,10.15 AM,11.15 AM,Software Testing and Quality Assurance,DPY_AAB,3,MCA,A&B,Computer Lab,204,29,14.215686274509803,25,2 Days,Theory,Yes,No,No,Sunny,No,26,2,Morning,1,0,2,3,19.716775599128542,6,19.716775599128542,Medium
2026-06-24,Wednesday,4,11.15 AM,12.15 PM,Principles of Cloud Management and Security,KSD_SDM,3,MCA,A&B,Computer Lab,204,35,17.15686274509804,12,3 Days,Theory,No,No,No,Sunny,Yes,26,2,Morning,1,0,2,4,12.254901960784313,6,12.254901960784313,Medium
2026-06-24,Wednesday,5,1.30 PM,3.30 PM,Innovation and Entrepreneurship Development,JSP,3,MCA,A&B,Computer Lab,204,29,14.215686274509803,12,Same Day,Theory,No,No,No,Sunny,No,26,2,Afternoon,1,0,2,5,15.686274509803921,6,15.686274509803921,Medium
2026-06-25,Thursday,1,8.30 AM,9.15 AM,Mobile Application Development,SSP,3,MCA,A&B,Computer Lab,204,76,37.25490196078432,76,1 Day,Theory,No,No,No,Cloudy,No,26,3,Morning,1,0,3,1,14.379084967320262,6,14.624183006535949,High
2026-06-25,Thursday,2,9.15 AM,10.15 AM,Mobile Application Development,SSP,3,MCA,A&B,Computer Lab,204,76,37.25490196078432,37,Same Day,Theory,No,Yes,Before,Sunny,No,26,3,Morning,1,0,3,2,23.366013071895427,6,17.857142857142858,High
2026-06-25,Thursday,3,10.15 AM,11.15 AM,Data Science & Machine Learning,SP_MLK,3,MCA,A&B,Computer Lab,204,74,36.27450980392157,62,2 Days,Theory,No,Yes,No,Sunny,No,26,3,Morning,1,0,3,3,16.176470588235293,6,16.176470588235293,High
2026-06-25,Thursday,4,11.15 AM,12.15 PM,Software Testing and Quality Assurance,DPY_AAB,3,MCA,A&B,Computer Lab,204,72,35.294117647058826,66,Same Day,Theory,No,No,No,Sunny,No,26,3,Morning,1,0,3,4,14.215686274509803,6,14.215686274509803,High
2026-06-25,Thursday,5,1.30 PM,3.30 PM,Industry Readiness Program,IRP,3,MCA,A&B,Computer Lab,204,70,34.31372549019608,67,2 Days,Practical,No,No,No,Sunny,No,26,3,Afternoon,1,0,3,5,19.716775599128542,6,19.716775599128542,High
2026-06-26,Friday,1,8.30 AM,9.15 AM,Mobile Application Development,SSP,3,MCA,A&B,Computer Lab,204,30,14.705882352941178,19,7 Days,Theory,Yes,No,After,Sunny,No,26,4,Morning,1,0,4,1,31.209150326797396,6,20.281862745098042,Medium
2026-06-26,Friday,2,9.15 AM,10.15 AM,Mobile Application Development,SSP,3,MCA,A&B,Computer Lab,204,21,10.294117647058822,15,7 Days,Theory,Yes,No,No,Cloudy,No,26,4,Morning,1,0,4,2,29.738562091503272,6,19.66230936819172,Low
2026-06-26,Friday,3,10.15 AM,11.15 AM,Data Science & Machine Learning,SP_MLK,3,MCA,A&B,Computer Lab,204,23,11.27450980392157,16,2 Days,Theory,No,No,No,Sunny,No,26,4,Morning,1,0,4,3,26.225490196078432,6,26.225490196078432,Low
2026-06-26,Friday,4,11.15 AM,12.15 PM,Principles of Cloud Management and Security,KSD_SDM,3,MCA,A&B,Computer Lab,204,34,16.666666666666664,17,3 Days,Theory,No,Yes,No,Rainy,No,26,4,Morning,1,0,4,4,14.705882352941176,6,14.705882352941176,Medium
2026-06-26,Friday,5,1.30 PM,3.30 PM,Software Testing and Quality Assurance,DPY_AAB,3,MCA,A&B,Computer Lab,204,37,18.137254901960784,14,3 Days,Practical,Yes,No,Before,Sunny,No,26,4,Afternoon,1,0,4,5,24.754901960784316,6,24.754901960784316,Medium
2026-06-27,Saturday,1,8.30 AM,9.15 AM,MAD Practical,SSP_ASP,3,MCA,A&B,Computer Lab,204,29,14.215686274509803,25,Same Day,Practical,Yes,No,Before,Rainy,No,26,5,Morning,1,0,5,1,19.716775599128542,6,19.716775599128542,Medium
2026-06-27,Saturday,2,9.15 AM,10.15 AM,MAD Practical,SSP_ASP,3,MCA,A&B,Computer Lab,204,31,15.196078431372548,14,3 Days,Practical,No,No,No,Rainy,No,26,5,Morning,1,0,5,2,14.215686274509803,6,14.215686274509803,Medium
2026-06-27,Saturday,4,11.15 AM,12.15 PM,Mini Project,SP,3,MCA,A&B,Computer Lab,204,27,13.23529411764706,24,3 Days,Practical,Yes,No,No,Sunny,Yes,26,5,Morning,1,0,5,3,19.716775599128542,6,19.716775599128542,Low
2026-06-29,Monday,1,8.30 AM,9.15 AM,Mobile Application Development,SSP,3,MCA,A&B,Computer Lab,204,68,33.33333333333333,37,3 Days,Theory,No,No,Before,Sunny,No,27,7,Morning,1,0,7,1,20.75163398692811,6,18.725490196078432,High
2026-06-29,Monday,2,9.15 AM,10.15 AM,Mobile Application Development,SSP,3,MCA,A&B,Computer Lab,204,68,33.33333333333333,33,7 Days,Theory,No,Yes,No,Sunny,No,27,7,Morning,1,0,7,2,19.444444444444443,6,20.053475935828878,High
2026-06-29,Monday,3,10.15 AM,11.15 AM,Innovation and Entrepreneurship Development,JSP,3,MCA,A&B,Computer Lab,204,65,31.862745098039213,74,1 Day,Theory,No,Yes,No,Rainy,No,27,7,Morning,1,0,7,3,15.196078431372548,6,15.196078431372548,High
2026-06-29,Monday,4,11.15 AM,12.15 PM,Innovation and Entrepreneurship Development,JSP,3,MCA,A&B,Computer Lab,204,65,31.862745098039213,32,1 Day,Theory,Yes,No,Before,Rainy,No,27,7,Morning,1,0,7,4,19.444444444444443,6,19.362745098039213,High
2026-06-29,Monday,5,1.30 PM,3.30 PM,STQA Practical,DPY_AAB,3,MCA,A&B,Computer Lab,204,62,30.392156862745097,69,2 Days,Practical,No,Yes,No,Sunny,No,27,7,Afternoon,1,0,7,5,14.705882352941178,6,14.705882352941178,High
2026-06-30,Tuesday,1,8.30 AM,9.15 AM,Mobile Application Development,SSP,3,MCA,A&B,Computer Lab,204,55,26.96078431372549,33,2 Days,Theory,No,No,Before,Rainy,Yes,27,8,Morning,1,0,8,1,25.653594771241828,6,21.16013071895425,High
2026-06-30,Tuesday,2,9.15 AM,10.15 AM,Mobile Application Development,SSP,3,MCA,A&B,Computer Lab,204,55,26.96078431372549,27,3 Days,Theory,No,No,No,Rainy,No,27,8,Morning,1,0,8,2,31.209150326797385,6,21.606334841628957,High
2026-06-30,Tuesday,3,10.15 AM,11.15 AM,Principles of Cloud Management and Security,KSD_SDM,3,MCA,A&B,Computer Lab,204,52,25.49019607843137,67,2 Days,Theory,No,No,Before,Sunny,No,27,8,Morning,1,0,8,3,15.359477124183007,6,15.359477124183007,High
2026-06-30,Tuesday,4,11.15 AM,12.15 PM,Data Science & Machine Learning,SP_MLK,3,MCA,A&B,Computer Lab,204,50,24.509803921568626,36,2 Days,Theory,No,Yes,After,Sunny,No,27,8,Morning,1,0,8,4,21.241830065359476,6,21.241830065359476,Medium
2026-06-30,Tuesday,5,1.30 PM,3.30 PM,DS & ML Practical,MLK_SP,3,MCA,A&B,Computer Lab,204,48,23.52941176470588,79,7 Days,Practical,Yes,No,No,Cloudy,Yes,27,8,Afternoon,1,0,8,5,15.68627450980392,6,15.68627450980392,Medium
2026-07-01,Wednesday,1,8.30 AM,9.15 AM,Mobile Application Development,SSP,3,MCA,A&B,Computer Lab,204,26,12.745098039215684,10,Same Day,Theory,No,Yes,No,Sunny,No,27,9,Morning,1,0,9,1,29.084967320261438,7,19.716775599128542,Low
2026-07-01,Wednesday,2,9.15 AM,10.15 AM,Mobile Application Development,SSP,3,MCA,A&B,Computer Lab,204,26,12.745098039215684,13,7 Days,Theory,Yes,Yes,After,Sunny,Yes,27,9,Morning,1,0,9,2,22.222222222222218,7,12.745098039215684,Low
2026-07-01,Wednesday,3,10.15 AM,11.15 AM,Software Testing and Quality Assurance,DPY_AAB,3,MCA,A&B,Computer Lab,204,29,14.215686274509803,18,1 Day,Theory,No,No,No,Sunny,No,27,9,Morning,1,0,9,3,22.54901960784314,7,19.716775599128542,Medium
2026-07-01,Wednesday,4,11.15 AM,12.15 PM,Principles of Cloud Management and Security,KSD_SDM,3,MCA,A&B,Computer Lab,204,21,10.294117647058822,17,3 Days,Theory,No,Yes,After,Sunny,No,27,9,Morning,1,0,9,4,19.77124183006536,7,19.716775599128542,Low
2026-07-01,Wednesday,5,1.30 PM,3.30 PM,Innovation and Entrepreneurship Development,JSP,3,MCA,A&B,Computer Lab,204,26,12.745098039215684,14,7 Days,Theory,Yes,No,No,Sunny,No,27,9,Afternoon,1,0,9,5,25.980392156862745,7,19.716775599128542,Low
2026-07-02,Thursday,1,8.30 AM,9.15 AM,Mobile Application Development,SSP,3,MCA,A&B,Computer Lab,204,72,35.294117647058826,27,1 Day,Theory,No,No,No,Sunny,Yes,27,10,Morning,1,0,10,1,17.483660130718953,7,12.745098039215684,High
2026-07-02,Thursday,2,9.15 AM,10.15 AM,Mobile Application Development,SSP,3,MCA,A&B,Computer Lab,204,72,35.294117647058826,35,7 Days,Theory,Yes,Yes,No,Sunny,No,27,10,Morning,1,0,10,2,20.26143790849673,7,20.26143790849673,High
2026-07-02,Thursday,3,10.15 AM,11.15 AM,Data Science & Machine Learning,SP_MLK,3,MCA,A&B,Computer Lab,204,68,33.33333333333333,25,1 Day,Theory,No,Yes,No,Sunny,No,27,10,Morning,1,0,10,3,24.019607843137255,7,19.716775599128542,High
2026-07-02,Thursday,4,11.15 AM,12.15 PM,Software Testing and Quality Assurance,DPY_AAB,3,MCA,A&B,Computer Lab,204,65,31.862745098039213,35,7 Days,Theory,No,Yes,No,Sunny,No,27,10,Morning,1,0,10,4,22.54901960784314,7,14.215686274509803,High
2026-07-02,Thursday,5,1.30 PM,3.30 PM,Industry Readiness Program,IRP,3,MCA,A&B,Computer Lab,204,60,29.411764705882355,34,1 Day,Practical,No,Yes,After,Sunny,No,27,10,Afternoon,1,0,10,5,34.31372549019608,7,19.716775599128542,High
2026-07-03,Friday,1,8.30 AM,9.15 AM,Mobile Application Development,SSP,3,MCA,A&B,Computer Lab,204,55,26.96078431372549,35,2 Days,Theory,No,Yes,No,Sunny,No,27,11,Morning,1,0,11,1,27.777777777777782,7,24.019607843137255,High
2026-07-03,Friday,2,9.15 AM,10.15 AM,Mobile Application Development,SSP,3,MCA,A&B,Computer Lab,204,55,26.96078431372549,27,3 Days,Theory,No,No,No,Cloudy,Yes,27,11,Morning,1,0,11,2,32.51633986928105,7,24.6078431372549,High
2026-07-03,Friday,3,10.15 AM,11.15 AM,Data Science & Machine Learning,SP_MLK,3,MCA,A&B,Computer Lab,204,50,24.509803921568626,33,1 Day,Theory,Yes,No,After,Cloudy,No,27,11,Morning,1,0,11,3,23.039215686274503,7,33.33333333333333,Medium
2026-07-03,Friday,4,11.15 AM,12.15 PM,Principles of Cloud Management and Security,KSD_SDM,3,MCA,A&B,Computer Lab,204,48,23.52941176470588,25,Same Day,Theory,No,No,After,Sunny,No,27,11,Morning,1,0,11,4,17.483660130718956,7,10.294117647058822,Medium
2026-07-03,Friday,5,1.30 PM,3.30 PM,Software Testing and Quality Assurance,DPY_AAB,3,MCA,A&B,Computer Lab,204,45,22.058823529411764,32,Same Day,Theory,No,Yes,No,Sunny,No,27,11,Afternoon,1,0,11,5,21.405228758169937,7,23.03921568627451,Medium
2026-07-04,Saturday,1,8.30 AM,9.15 AM,MAD Practical,SSP_ASP,3,MCA,A&B,Computer Lab,204,24,11.76470588235294,15,7 Days,Practical,Yes,No,After,Cloudy,No,27,12,Morning,1,0,12,1,14.705882352941176,7,19.716775599128542,Low
2026-07-04,Saturday,2,9.15 AM,10.15 AM,MAD Practical,SSP_ASP,3,MCA,A&B,Computer Lab,204,28,13.725490196078432,12,3 Days,Practical,Yes,Yes,Before,Cloudy,No,27,12,Morning,1,0,12,2,13.72549019607843,7,11.76470588235294,Low
2026-07-04,Saturday,4,11.15 AM,12.15 PM,Mini Project,SP,3,MCA,A&B,Computer Lab,204,38,18.62745098039216,13,2 Days,Practical,No,Yes,No,Sunny,Yes,27,12,Morning,1,0,12,3,13.23529411764706,7,19.716775599128542,Medium
2026-07-06,Monday,1,8.30 AM,9.15 AM,Mobile Application Development,SSP,3,MCA,A&B,Computer Lab,204,20,9.803921568627452,13,3 Days,Theory,Yes,No,No,Sunny,Yes,28,14,Morning,1,0,14,1,29.73856209150327,7,25.0,Low
2026-07-06,Monday,2,9.15 AM,10.15 AM,Mobile Application Development,SSP,3,MCA,A&B,Computer Lab,204,37,18.137254901960784,10,1 Day,Theory,No,No,No,Cloudy,No,28,14,Morning,1,0,14,2,21.241830065359476,7,22.829131652661065,Medium
2026-07-06,Monday,3,10.15 AM,11.15 AM,Innovation and Entrepreneurship Development,JSP,3,MCA,A&B,Computer Lab,204,38,18.62745098039216,13,7 Days,Theory,No,No,No,Sunny,No,28,14,Morning,1,0,14,3,25.49019607843137,7,12.745098039215684,Medium
2026-07-06,Monday,4,11.15 AM,12.15 PM,Innovation and Entrepreneurship Development,JSP,3,MCA,A&B,Computer Lab,204,37,18.137254901960784,19,2 Days,Theory,Yes,No,Before,Cloudy,No,28,14,Morning,1,0,14,4,21.07843137254902,7,15.686274509803923,Medium
2026-07-06,Monday,5,1.30 PM,3.30 PM,STQA Practical,DPY_AAB,3,MCA,A&B,Computer Lab,204,23,11.27450980392157,15,2 Days,Practical,No,No,No,Sunny,Yes,28,14,Afternoon,1,0,14,5,22.549019607843135,7,19.716775599128542,Low
2026-07-07,Tuesday,1,8.30 AM,9.15 AM,Mobile Application Development,SSP,3,MCA,A&B,Computer Lab,204,26,12.745098039215684,18,2 Days,Theory,No,Yes,After,Sunny,No,28,15,Morning,1,0,15,1,18.300653594771244,7,22.24264705882353,Low
2026-07-07,Tuesday,2,9.15 AM,10.15 AM,Mobile Application Development,SSP,3,MCA,A&B,Computer Lab,204,24,11.76470588235294,13,2 Days,Theory,No,No,After,Sunny,No,28,15,Morning,1,0,15,2,13.562091503267974,7,21.18736383442266,Low
2026-07-07,Tuesday,3,10.15 AM,11.15 AM,Principles of Cloud Management and Security,KSD_SDM,3,MCA,A&B,Computer Lab,204,31,15.196078431372548,10,Same Day,Theory,No,No,No,Rainy,No,28,15,Morning,1,0,15,3,19.771241830065357,7,16.91176470588235,Medium
2026-07-07,Tuesday,4,11.15 AM,12.15 PM,Data Science & Machine Learning,SP_MLK,3,MCA,A&B,Computer Lab,204,26,12.745098039215684,11,2 Days,Theory,No,No,Before,Sunny,No,28,15,Morning,1,0,15,4,27.45098039215686,7,28.921568627450977,Low
2026-07-07,Tuesday,5,1.30 PM,3.30 PM,DS & ML Practical,MLK_SP,3,MCA,A&B,Computer Lab,204,27,13.23529411764706,16,1 Day,Practical,No,Yes,Before,Sunny,No,28,15,Afternoon,1,0,15,5,19.6078431372549,7,19.716775599128542,Low
2026-07-08,Wednesday,1,8.30 AM,9.15 AM,Mobile Application Development,SSP,3,MCA,A&B,Computer Lab,204,25,12.254901960784313,12,7 Days,Theory,No,No,No,Sunny,No,28,16,Morning,1,0,16,1,14.215686274509801,7,20.245098039215684,Low
2026-07-08,Wednesday,2,9.15 AM,10.15 AM,Mobile Application Development,SSP,3,MCA,A&B,Computer Lab,204,38,18.62745098039216,12,1 Day,Theory,No,No,No,Sunny,No,28,16,Morning,1,0,16,2,12.254901960784311,7,19.518716577540104,Medium
2026-07-08,Wednesday,3,10.15 AM,11.15 AM,Software Testing and Quality Assurance,DPY_AAB,3,MCA,A&B,Computer Lab,204,37,18.137254901960784,14,3 Days,Theory,No,No,Before,Sunny,No,28,16,Morning,1,0,16,3,22.712418300653592,7,22.712418300653592,Medium
2026-07-08,Wednesday,4,11.15 AM,12.15 PM,Principles of Cloud Management and Security,KSD_SDM,3,MCA,A&B,Computer Lab,204,31,15.196078431372548,15,Same Day,Theory,No,No,No,Sunny,No,28,16,Morning,1,0,16,4,16.33986928104575,7,16.33986928104575,Medium
2026-07-08,Wednesday,5,1.30 PM,3.30 PM,Innovation and Entrepreneurship Development,JSP,3,MCA,A&B,Computer Lab,204,28,13.725490196078432,18,2 Days,Theory,No,Yes,No,Rainy,No,28,16,Afternoon,1,0,16,5,16.50326797385621,7,16.50326797385621,Low
2026-07-09,Thursday,1,8.30 AM,9.15 AM,Mobile Application Development,SSP,3,MCA,A&B,Computer Lab,204,58,28.431372549019606,27,Same Day,Theory,Yes,No,No,Cloudy,No,28,17,Morning,1,0,17,1,14.215686274509805,7,19.444444444444446,High
2026-07-09,Thursday,2,9.15 AM,10.15 AM,Mobile Application Development,SSP,3,MCA,A&B,Computer Lab,204,58,28.431372549019606,28,Same Day,Theory,No,Yes,No,Sunny,No,28,17,Morning,1,0,17,2,19.77124183006536,7,20.13574660633484,High
2026-07-09,Thursday,3,10.15 AM,11.15 AM,Data Science & Machine Learning,SP_MLK,3,MCA,A&B,Computer Lab,204,55,26.96078431372549,25,1 Day,Theory,No,No,No,Rainy,No,28,17,Morning,1,0,17,3,23.529411764705873,7,23.52941176470588,High
2026-07-09,Thursday,4,11.15 AM,12.15 PM,Software Testing and Quality Assurance,DPY_AAB,3,MCA,A&B,Computer Lab,204,52,25.49019607843137,22,3 Days,Theory,Yes,No,After,Cloudy,Yes,28,17,Morning,1,0,17,4,24.019607843137255,7,21.56862745098039,High
2026-07-09,Thursday,5,1.30 PM,3.30 PM,Industry Readiness Program,IRP,3,MCA,A&B,Computer Lab,204,50,24.509803921568626,29,2 Days,Practical,Yes,No,No,Sunny,No,28,17,Afternoon,1,0,17,5,31.862745098039216,7,29.411764705882355,Medium
2026-07-10,Friday,1,8.30 AM,9.15 AM,Mobile Application Development,SSP,3,MCA,A&B,Computer Lab,204,80,39.21568627450981,28,3 Days,Theory,Yes,No,Before,Sunny,No,28,18,Morning,1,0,18,1,25.16339869281046,7,20.72829131652661,High
2026-07-10,Friday,2,9.15 AM,10.15 AM,Mobile Application Development,SSP,3,MCA,A&B,Computer Lab,204,80,39.21568627450981,39,3 Days,Theory,No,No,No,Cloudy,Yes,28,18,Morning,1,0,18,2,32.02614379084967,7,21.96078431372549,High
2026-07-10,Friday,3,10.15 AM,11.15 AM,Data Science & Machine Learning,SP_MLK,3,MCA,A&B,Computer Lab,204,75,36.76470588235294,27,7 Days,Theory,No,No,Before,Cloudy,No,28,18,Morning,1,0,18,3,21.40522875816993,7,24.38725490196078,High
2026-07-10,Friday,4,11.15 AM,12.15 PM,Principles of Cloud Management and Security,KSD_SDM,3,MCA,A&B,Computer Lab,204,73,35.78431372549019,24,Same Day,Theory,No,No,After,Sunny,No,28,18,Morning,1,0,18,4,17.973856209150323,7,16.05392156862745,High
2026-07-10,Friday,5,1.30 PM,3.30 PM,Software Testing and Quality Assurance,DPY_AAB,3,MCA,A&B,Computer Lab,204,70,34.31372549019608,25,2 Days,Theory,No,No,Before,Sunny,No,28,18,Afternoon,1,0,18,5,21.895424836601308,7,22.352941176470587,High
2026-07-11,Saturday,1,8.30 AM,9.15 AM,MAD Practical,SSP_ASP,3,MCA,A&B,Computer Lab,204,33,16.176470588235293,14,2 Days,Practical,No,Yes,Before,Sunny,No,28,19,Morning,1,0,19,1,13.562091503267974,7,12.745098039215687,Medium
2026-07-11,Saturday,2,9.15 AM,10.15 AM,MAD Practical,SSP_ASP,3,MCA,A&B,Computer Lab,204,27,13.23529411764706,16,2 Days,Practical,No,No,No,Sunny,No,28,19,Morning,1,0,19,2,13.888888888888888,7,13.888888888888888,Low
2026-07-11,Saturday,4,11.15 AM,12.15 PM,Mini Project,SP,3,MCA,A&B,Computer Lab,204,26,12.745098039215684,19,2 Days,Practical,No,No,No,Cloudy,Yes,28,19,Morning,1,0,19,3,15.93137254901961,7,18.62745098039216,Low
2026-07-13,Monday,1,8.30 AM,9.15 AM,Mobile Application Development,SSP,3,MCA,A&B,Computer Lab,204,33,16.176470588235293,19,1 Day,Theory,No,Yes,Before,Sunny,No,29,21,Morning,1,0,21,1,35.62091503267974,7,23.03921568627451,Medium
2026-07-13,Monday,2,9.15 AM,10.15 AM,Mobile Application Development,SSP,3,MCA,A&B,Computer Lab,204,25,12.254901960784313,16,2 Days,Theory,No,No,No,Sunny,Yes,29,21,Morning,1,0,21,2,31.535947712418302,7,22.635524798154556,Low
2026-07-13,Monday,3,10.15 AM,11.15 AM,Innovation and Entrepreneurship Development,JSP,3,MCA,A&B,Computer Lab,204,22,10.784313725490197,14,Same Day,Theory,No,No,After,Sunny,No,29,21,Morning,1,0,21,3,16.83006535947713,7,15.808823529411764,Low
2026-07-13,Monday,4,11.15 AM,12.15 PM,Innovation and Entrepreneurship Development,JSP,3,MCA,A&B,Computer Lab,204,23,11.27450980392157,11,Same Day,Theory,No,No,No,Sunny,No,29,21,Morning,1,0,21,4,14.215686274509805,7,14.803921568627453,Low
2026-07-13,Monday,5,1.30 PM,3.30 PM,STQA Practical,DPY_AAB,3,MCA,A&B,Computer Lab,204,25,12.254901960784313,11,2 Days,Practical,No,No,No,Sunny,No,29,21,Afternoon,1,0,21,5,18.790849673202615,7,11.27450980392157,Low
2026-07-14,Tuesday,1,8.30 AM,9.15 AM,Mobile Application Development,SSP,3,MCA,A&B,Computer Lab,204,33,16.176470588235293,12,Same Day,Theory,No,No,No,Rainy,Yes,29,22,Morning,1,0,22,1,22.54901960784314,7,22.058823529411764,Medium
2026-07-14,Tuesday,2,9.15 AM,10.15 AM,Mobile Application Development,SSP,3,MCA,A&B,Computer Lab,204,30,14.705882352941178,16,2 Days,Theory,No,Yes,No,Sunny,No,29,22,Morning,1,0,22,2,14.869281045751634,7,21.74922600619195,Medium
2026-07-14,Tuesday,3,10.15 AM,11.15 AM,Principles of Cloud Management and Security,KSD_SDM,3,MCA,A&B,Computer Lab,204,21,10.294117647058822,15,2 Days,Theory,No,Yes,No,Cloudy,No,29,22,Morning,1,0,22,3,22.058823529411764,7,20.0,Low
2026-07-14,Tuesday,4,11.15 AM,12.15 PM,Data Science & Machine Learning,SP_MLK,3,MCA,A&B,Computer Lab,204,28,13.725490196078432,13,Same Day,Theory,No,No,No,Sunny,No,29,22,Morning,1,0,22,4,25.49019607843137,7,26.862745098039216,Low
2026-07-14,Tuesday,5,1.30 PM,3.30 PM,DS & ML Practical,MLK_SP,3,MCA,A&B,Computer Lab,204,31,15.196078431372548,13,2 Days,Practical,No,Yes,No,Cloudy,No,29,22,Afternoon,1,0,22,5,17.483660130718953,7,13.23529411764706,Medium
2026-07-15,Wednesday,1,8.30 AM,9.15 AM,Mobile Application Development,SSP,3,MCA,A&B,Computer Lab,204,21,10.294117647058822,15,3 Days,Theory,No,No,After,Sunny,No,29,23,Morning,1,0,23,1,14.379084967320262,7,21.397058823529413,Low
2026-07-15,Wednesday,2,9.15 AM,10.15 AM,Mobile Application Development,SSP,3,MCA,A&B,Computer Lab,204,20,9.803921568627452,10,3 Days,Theory,Yes,No,After,Cloudy,No,29,23,Morning,1,0,23,2,13.72549019607843,7,20.868347338935575,Low
2026-07-15,Wednesday,3,10.15 AM,11.15 AM,Software Testing and Quality Assurance,DPY_AAB,3,MCA,A&B,Computer Lab,204,20,9.803921568627452,18,2 Days,Theory,No,No,No,Sunny,No,29,23,Morning,1,0,23,3,25.980392156862745,7,24.34640522875817,Low
2026-07-15,Wednesday,4,11.15 AM,12.15 PM,Principles of Cloud Management and Security,KSD_SDM,3,MCA,A&B,Computer Lab,204,22,10.784313725490197,10,7 Days,Theory,No,Yes,Before,Sunny,No,29,23,Morning,1,0,23,4,20.424836601307188,7,18.382352941176467,Low
2026-07-15,Wednesday,5,1.30 PM,3.30 PM,Innovation and Entrepreneurship Development,JSP,3,MCA,A&B,Computer Lab,204,35,17.15686274509804,11,Same Day,Theory,Yes,Yes,No,Rainy,No,29,23,Afternoon,1,0,23,5,11.9281045751634,7,14.215686274509805,Medium
2026-07-16,Thursday,1,8.30 AM,9.15 AM,Mobile Application Development,SSP,3,MCA,A&B,Computer Lab,204,23,11.27450980392157,10,Same Day,Theory,No,No,No,Cloudy,No,29,24,Morning,1,0,24,1,11.601307189542483,7,20.36541889483066,Low
2026-07-16,Thursday,2,9.15 AM,10.15 AM,Mobile Application Development,SSP,3,MCA,A&B,Computer Lab,204,30,14.705882352941178,11,1 Day,Theory,No,No,After,Sunny,No,29,24,Morning,1,0,24,2,10.457516339869281,7,19.97016197783461,Medium
2026-07-16,Thursday,3,10.15 AM,11.15 AM,Data Science & Machine Learning,SP_MLK,3,MCA,A&B,Computer Lab,204,26,12.745098039215684,14,7 Days,Theory,No,Yes,No,Sunny,No,29,24,Morning,1,0,24,3,25.816993464052285,7,24.673202614379083,Low
2026-07-16,Thursday,4,11.15 AM,12.15 PM,Software Testing and Quality Assurance,DPY_AAB,3,MCA,A&B,Computer Lab,204,23,11.27450980392157,10,3 Days,Theory,Yes,Yes,Before,Sunny,No,29,24,Morning,1,0,24,4,23.202614379084967,7,22.26890756302521,Low
2026-07-16,Thursday,5,1.30 PM,3.30 PM,Industry Readiness Program,IRP,3,MCA,A&B,Computer Lab,204,36,17.647058823529413,32,Same Day,Practical,No,No,Before,Cloudy,No,29,24,Afternoon,1,0,24,5,29.41176470588235,7,26.96078431372549,Medium
2026-07-17,Friday,1,8.30 AM,9.15 AM,Mobile Application Development,SSP,3,MCA,A&B,Computer Lab,204,38,18.62745098039216,15,7 Days,Theory,Yes,No,After,Sunny,No,29,25,Morning,1,0,25,1,11.9281045751634,7,19.750816993464053,Medium
2026-07-17,Friday,2,9.15 AM,10.15 AM,Mobile Application Development,SSP,3,MCA,A&B,Computer Lab,204,21,10.294117647058822,19,1 Day,Theory,No,No,No,Sunny,Yes,29,25,Morning,1,0,25,2,14.869281045751636,7,19.705882352941174,Low
2026-07-17,Friday,3,10.15 AM,11.15 AM,Data Science & Machine Learning,SP_MLK,3,MCA,A&B,Computer Lab,204,38,18.62745098039216,13,1 Day,Theory,No,No,No,Cloudy,No,29,25,Morning,1,0,25,3,21.078431372549016,7,22.969187675070028,Medium
2026-07-17,Friday,4,11.15 AM,12.15 PM,Principles of Cloud Management and Security,KSD_SDM,3,MCA,A&B,Computer Lab,204,20,9.803921568627452,11,3 Days,Theory,No,No,No,Cloudy,No,29,25,Morning,1,0,25,4,18.954248366013072,7,17.296918767507,Low
2026-07-17,Friday,5,1.30 PM,3.30 PM,Software Testing and Quality Assurance,DPY_AAB,3,MCA,A&B,Computer Lab,204,23,11.27450980392157,11,2 Days,Practical,Yes,No,No,Sunny,No,29,25,Afternoon,1,0,25,5,18.4640522875817,7,20.894607843137255,Low
2026-07-18,Saturday,1,8.30 AM,9.15 AM,MAD Practical,SSP_ASP,3,MCA,A&B,Computer Lab,204,36,17.647058823529413,13,3 Days,Practical,No,No,No,Sunny,Yes,29,26,Morning,1,0,26,1,14.37908496732026,7,13.72549019607843,Medium
2026-07-18,Saturday,2,9.15 AM,10.15 AM,MAD Practical,SSP_ASP,3,MCA,A&B,Computer Lab,204,22,10.784313725490197,18,7 Days,Practical,Yes,No,No,Sunny,No,29,26,Morning,1,0,26,2,15.686274509803921,7,14.509803921568627,Low
2026-07-18,Saturday,4,11.15 AM,12.15 PM,Mini Project,SP,3,MCA,A&B,Computer Lab,204,26,12.745098039215684,13,3 Days,Practical,Yes,No,After,Rainy,No,29,26,Morning,1,0,26,3,14.869281045751634,7,15.686274509803923,Low
2026-07-20,Monday,1,8.30 AM,9.15 AM,Mobile Application Development,SSP,3,MCA,A&B,Computer Lab,204,34,16.666666666666664,10,2 Days,Theory,No,No,After,Cloudy,Yes,30,28,Morning,1,0,28,1,14.542483660130722,7,19.34389140271493,Medium
2026-07-20,Monday,2,9.15 AM,10.15 AM,Mobile Application Development,SSP,3,MCA,A&B,Computer Lab,204,27,13.23529411764706,17,3 Days,Theory,No,No,After,Sunny,No,30,28,Morning,1,0,28,2,15.19607843137255,7,19.244734931009443,Low
2026-07-20,Monday,3,10.15 AM,11.15 AM,Innovation and Entrepreneurship Development,JSP,3,MCA,A&B,Computer Lab,204,38,18.62745098039216,17,3 Days,Theory,Yes,Yes,No,Sunny,No,30,28,Morning,1,0,28,3,13.071895424836603,7,14.635854341736694,Medium
2026-07-20,Monday,4,11.15 AM,12.15 PM,Innovation and Entrepreneurship Development,JSP,3,MCA,A&B,Computer Lab,204,22,10.784313725490197,19,7 Days,Theory,No,No,No,Cloudy,No,30,28,Morning,1,0,28,4,15.686274509803923,7,15.13480392156863,Low
2026-07-20,Monday,5,1.30 PM,3.30 PM,STQA Practical,DPY_AAB,3,MCA,A&B,Computer Lab,204,27,13.23529411764706,12,2 Days,Practical,No,No,No,Rainy,No,30,28,Afternoon,1,0,28,5,17.973856209150327,7,11.764705882352942,Low
2026-07-21,Tuesday,1,8.30 AM,9.15 AM,Mobile Application Development,SSP,3,MCA,A&B,Computer Lab,204,37,18.137254901960784,13,1 Day,Theory,No,No,No,Cloudy,No,30,29,Morning,1,0,29,1,13.398692810457517,7,19.03011204481793,Medium
2026-07-21,Tuesday,2,9.15 AM,10.15 AM,Mobile Application Development,SSP,3,MCA,A&B,Computer Lab,204,32,15.68627450980392,18,Same Day,Theory,No,No,No,Sunny,Yes,30,29,Morning,1,0,29,2,16.013071895424833,7,18.999323867478026,Medium
2026-07-21,Tuesday,3,10.15 AM,11.15 AM,Principles of Cloud Management and Security,KSD_SDM,3,MCA,A&B,Computer Lab,204,39,19.11764705882353,10,2 Days,Theory,No,No,No,Rainy,Yes,30,29,Morning,1,0,29,3,10.294117647058824,7,16.360294117647058,Medium
2026-07-21,Tuesday,4,11.15 AM,12.15 PM,Data Science & Machine Learning,SP_MLK,3,MCA,A&B,Computer Lab,204,27,13.23529411764706,19,Same Day,Theory,Yes,Yes,Before,Cloudy,Yes,30,29,Morning,1,0,29,4,15.03267973856209,7,22.426470588235293,Low
2026-07-21,Tuesday,5,1.30 PM,3.30 PM,DS & ML Practical,MLK_SP,3,MCA,A&B,Computer Lab,204,31,15.196078431372548,15,2 Days,Practical,No,No,No,Sunny,Yes,30,29,Afternoon,1,0,29,5,17.320261437908496,7,14.215686274509803,Medium
2026-07-22,Wednesday,1,8.30 AM,9.15 AM,Mobile Application Development,SSP,3,MCA,A&B,Computer Lab,204,31,15.196078431372548,16,2 Days,Theory,Yes,No,No,Sunny,No,30,30,Morning,1,0,30,1,15.686274509803921,7,18.88888888888889,Medium
2026-07-22,Wednesday,2,9.15 AM,10.15 AM,Mobile Application Development,SSP,3,MCA,A&B,Computer Lab,204,37,18.137254901960784,15,3 Days,Theory,No,Yes,No,Sunny,Yes,30,30,Morning,1,0,30,2,16.33986928104575,7,18.76976597090449,Medium
2026-07-22,Wednesday,3,10.15 AM,11.15 AM,Software Testing and Quality Assurance,DPY_AAB,3,MCA,A&B,Computer Lab,204,29,14.215686274509803,11,3 Days,Theory,Yes,No,No,Sunny,No,30,30,Morning,1,0,30,3,10.784313725490199,7,19.825708061002178,Medium
2026-07-22,Wednesday,4,11.15 AM,12.15 PM,Principles of Cloud Management and Security,KSD_SDM,3,MCA,A&B,Computer Lab,204,22,10.784313725490197,19,7 Days,Theory,Yes,Yes,After,Sunny,No,30,30,Morning,1,0,30,4,13.235294117647058,7,16.666666666666668,Low
2026-07-22,Wednesday,5,1.30 PM,3.30 PM,Innovation and Entrepreneurship Development,JSP,3,MCA,A&B,Computer Lab,204,38,18.62745098039216,11,3 Days,Theory,No,No,No,Cloudy,No,30,30,Afternoon,1,0,30,5,15.522875816993468,7,14.651416122004358,Medium
2026-07-23,Thursday,1,8.30 AM,9.15 AM,Mobile Application Development,SSP,3,MCA,A&B,Computer Lab,204,28,13.725490196078432,18,1 Day,Theory,No,No,No,Sunny,No,30,31,Morning,1,0,31,1,16.33986928104575,7,18.75,Low
2026-07-23,Thursday,2,9.15 AM,10.15 AM,Mobile Application Development,SSP,3,MCA,A&B,Computer Lab,204,38,18.62745098039216,14,Same Day,Theory,No,No,Before,Cloudy,No,30,31,Morning,1,0,31,2,15.686274509803917,7,18.597742127153893,Medium
2026-07-23,Thursday,3,10.15 AM,11.15 AM,Data Science & Machine Learning,SP_MLK,3,MCA,A&B,Computer Lab,204,24,11.76470588235294,13,1 Day,Theory,No,No,No,Sunny,Yes,30,31,Morning,1,0,31,3,14.869281045751633,7,21.405228758169937,Low
2026-07-23,Thursday,4,11.15 AM,12.15 PM,Software Testing and Quality Assurance,DPY_AAB,3,MCA,A&B,Computer Lab,204,37,18.137254901960784,14,3 Days,Theory,No,No,Before,Sunny,No,30,31,Morning,1,0,31,4,12.254901960784316,7,19.26470588235294,Medium
2026-07-23,Thursday,5,1.30 PM,3.30 PM,Industry Readiness Program,IRP,3,MCA,A&B,Computer Lab,204,20,9.803921568627452,18,2 Days,Practical,Yes,Yes,No,Sunny,No,30,31,Afternoon,1,0,31,5,23.856209150326794,7,23.856209150326794,Low
2026-07-24,Friday,1,8.30 AM,9.15 AM,Mobile Application Development,SSP,3,MCA,A&B,Computer Lab,204,27,13.23529411764706,19,1 Day,Theory,No,No,No,Rainy,Yes,30,32,Morning,1,0,32,1,16.830065359477125,7,18.59861591695502,Low
2026-07-24,Friday,2,9.15 AM,10.15 AM,Mobile Application Development,SSP,3,MCA,A&B,Computer Lab,204,24,11.76470588235294,13,Same Day,Theory,No,No,No,Cloudy,No,30,32,Morning,1,0,32,2,15.19607843137255,7,18.445378151260506,Low
2026-07-24,Friday,3,10.15 AM,11.15 AM,Data Science & Machine Learning,SP_MLK,3,MCA,A&B,Computer Lab,204,34,16.666666666666664,12,Same Day,Theory,Yes,No,No,Cloudy,No,30,32,Morning,1,0,32,3,14.542483660130719,7,20.441176470588236,Medium
2026-07-24,Friday,4,11.15 AM,12.15 PM,Principles of Cloud Management and Security,KSD_SDM,3,MCA,A&B,Computer Lab,204,39,19.11764705882353,11,2 Days,Theory,Yes,No,No,Sunny,No,30,32,Morning,1,0,32,4,13.235294117647058,7,16.07843137254902,Medium
2026-07-24,Friday,5,1.30 PM,3.30 PM,Software Testing and Quality Assurance,DPY_AAB,3,MCA,A&B,Computer Lab,204,29,14.215686274509803,18,1 Day,Practical,No,No,No,Sunny,No,30,32,Afternoon,1,0,32,5,14.542483660130722,7,19.162210338680925,Medium
2026-07-25,Saturday,1,8.30 AM,9.15 AM,MAD Practical,SSP_ASP,3,MCA,A&B,Computer Lab,204,38,18.62745098039216,11,3 Days,Practical,Yes,No,No,Sunny,No,30,33,Morning,1,0,33,1,13.888888888888891,7,13.888888888888888,Medium
2026-07-25,Saturday,2,9.15 AM,10.15 AM,MAD Practical,SSP_ASP,3,MCA,A&B,Computer Lab,204,24,11.76470588235294,19,3 Days,Practical,No,Yes,No,Sunny,No,30,33,Morning,1,0,33,2,15.686274509803923,7,14.565826330532214,Low
2026-07-25,Saturday,4,11.15 AM,12.15 PM,Mini Project,SP,3,MCA,A&B,Computer Lab,204,25,12.254901960784313,13,3 Days,Practical,Yes,No,Before,Sunny,No,30,33,Morning,1,0,33,3,14.705882352941176,7,14.705882352941176,Low
2026-07-27,Monday,1,8.30 AM,9.15 AM,Mobile Application Development,SSP,3,MCA,A&B,Computer Lab,204,45,22.058823529411764,39,1 Day,Theory,No,No,No,Sunny,No,31,35,Morning,1,0,35,1,14.542483660130719,7,18.25980392156863,Medium
2026-07-27,Monday,2,9.15 AM,10.15 AM,Mobile Application Development,SSP,3,MCA,A&B,Computer Lab,204,45,22.058823529411764,22,7 Days,Theory,No,No,After,Sunny,No,31,35,Morning,1,0,35,2,15.686274509803921,7,18.362480127186007,Medium
2026-07-27,Monday,3,10.15 AM,11.15 AM,Innovation and Entrepreneurship Development,JSP,3,MCA,A&B,Computer Lab,204,42,20.588235294117645,32,2 Days,Theory,No,Yes,After,Sunny,No,31,35,Morning,1,0,35,3,16.01307189542484,7,15.049019607843139,Medium
2026-07-27,Monday,4,11.15 AM,12.15 PM,Innovation and Entrepreneurship Development,JSP,3,MCA,A&B,Computer Lab,204,42,20.588235294117645,21,Same Day,Theory,Yes,Yes,After,Cloudy,No,31,35,Morning,1,0,35,4,16.666666666666668,7,15.552584670231731,Medium
2026-07-27,Monday,5,1.30 PM,3.30 PM,STQA Practical,DPY_AAB,3,MCA,A&B,Computer Lab,204,40,19.607843137254903,30,1 Day,Practical,No,No,After,Sunny,No,31,35,Afternoon,1,0,35,5,12.254901960784315,7,12.254901960784315,Medium
2026-07-28,Tuesday,1,8.30 AM,9.15 AM,Mobile Application Development,SSP,3,MCA,A&B,Computer Lab,204,88,43.13725490196079,22,Same Day,Theory,No,Yes,After,Sunny,Yes,31,36,Morning,1,0,36,1,18.627450980392155,7,18.459752321981426,High
2026-07-28,Tuesday,2,9.15 AM,10.15 AM,Mobile Application Development,SSP,3,MCA,A&B,Computer Lab,204,88,43.13725490196079,43,Same Day,Theory,No,No,No,Rainy,No,31,36,Morning,1,0,36,2,29.084967320261438,7,19.09250879839115,High
2026-07-28,Tuesday,3,10.15 AM,11.15 AM,Principles of Cloud Management and Security,KSD_SDM,3,MCA,A&B,Computer Lab,204,85,41.66666666666667,36,2 Days,Theory,No,No,No,Sunny,No,31,36,Morning,1,0,36,3,16.33986928104575,7,16.354723707664885,High
2026-07-28,Tuesday,4,11.15 AM,12.15 PM,Data Science & Machine Learning,SP_MLK,3,MCA,A&B,Computer Lab,204,82,40.19607843137255,37,Same Day,Theory,No,No,After,Cloudy,Yes,31,36,Morning,1,0,36,4,13.888888888888886,7,20.098039215686274,High
2026-07-28,Tuesday,5,1.30 PM,3.30 PM,DS & ML Practical,MLK_SP,3,MCA,A&B,Computer Lab,204,80,39.21568627450981,24,3 Days,Practical,No,No,No,Rainy,No,31,36,Afternoon,1,0,36,5,14.542483660130719,7,14.542483660130719,High
2026-07-29,Wednesday,1,8.30 AM,9.15 AM,Mobile Application Development,SSP,3,MCA,A&B,Computer Lab,204,78,38.23529411764706,43,Same Day,Theory,No,Yes,After,Sunny,Yes,31,37,Morning,1,0,37,1,36.11111111111111,7,19.693627450980394,High
